категория,подкатегория,марка,название,описание,диаметр,цена,единица,в_наличии,рейтинг,отзывы,фото,ключевые_слова,spec_Марка,spec_Размер,spec_ГОСТ,spec_Единица
"Сортовой прокат","СТАЛЬ СОРТ КОНСТР КРУГ",Ст3,"СТАЛЬ СОРТ КОНСТР КРУГ 10 Ст3","СТАЛЬ СОРТ КОНСТР КРУГ марки Ст3, размер 10",10,53990,т,1,0,0,https://www.kavstal.ru/public/assets/images/products/СОРТОВОИ_ПРОКАТ/СТАЛЬ_СОРТ_КОНСТР_КРУГ/img.png,"листовой прокат;сталь сорт констр круг;ст3;10",Ст3,10,"ГОСТ 2590-2006",т
"Сортовой прокат","СТАЛЬ СОРТ КОНСТР КРУГ",Ст3,"СТАЛЬ СОРТ КОНСТР КРУГ 12 Ст3","СТАЛЬ СОРТ КОНСТР КРУГ марки Ст3, размер 12",12,49990,т,1,0,0,https://www.kavstal.ru/public/assets/images/products/СОРТОВОИ_ПРОКАТ/СТАЛЬ_СОРТ_КОНСТР_КРУГ/img.png,"листовой прокат;сталь сорт констр круг;ст3;12",Ст3,12,"ГОСТ 2590-2006",т
"Сортовой прокат","СТАЛЬ СОРТ КОНСТР КРУГ",Ст3,"СТАЛЬ СОРТ КОНСТР КРУГ 14 Ст3","СТАЛЬ СОРТ КОНСТР КРУГ марки Ст3, размер 14 ; 16; 18; 20; 22; 24; 25; 28; 30; 32; 34; 36; 38; 40; 42; 45; 48",14,47990,т,1,0,0,https://www.kavstal.ru/public/assets/images/products/СОРТОВОИ_ПРОКАТ/СТАЛЬ_СОРТ_КОНСТР_КРУГ/img.png,"листовой прокат;сталь сорт констр круг;ст3;14;16;18;20;22;24;25;28;30;32;34;36;38;40;42;45;48",Ст3,"14 ; 16; 18; 20; 22; 24; 25; 28; 30; 32; 34; 36; 38; 40; 42; 45; 48","ГОСТ 2590-2006",т
"Сортовой прокат","СТАЛЬ СОРТ КОНСТР КРУГ",Ст3,"СТАЛЬ СОРТ КОНСТР КРУГ 50 Ст3","СТАЛЬ СОРТ КОНСТР КРУГ марки Ст3, размер 50 ; 56; 60; 65; 70; 75; 80",50,48990,т,1,0,0,https://www.kavstal.ru/public/assets/images/products/СОРТОВОИ_ПРОКАТ/СТАЛЬ_СОРТ_КОНСТР_КРУГ/img.png,"листовой прокат;сталь сорт констр круг;ст3;50;56;60;65;70;75;80",Ст3,"50 ; 56; 60; 65; 70; 75; 80","ГОСТ 2590-2006",т
"Сортовой прокат","СТАЛЬ СОРТ КОНСТР КРУГ",Ст3,"СТАЛЬ СОРТ КОНСТР КРУГ 90 Ст3","СТАЛЬ СОРТ КОНСТР КРУГ марки Ст3, размер 90 ; 100",90,51990,т,1,0,0,https://www.kavstal.ru/public/assets/images/products/СОРТОВОИ_ПРОКАТ/СТАЛЬ_СОРТ_КОНСТР_КРУГ/img.png,"листовой прокат;сталь сорт констр круг;ст3;90;100",Ст3,"90 ; 100","ГОСТ 2590-2006",т
"Сортовой прокат","СТАЛЬ СОРТ КОНСТР КРУГ",Ст3,"СТАЛЬ СОРТ КОНСТР КРУГ 110 Ст3","СТАЛЬ СОРТ КОНСТР КРУГ марки Ст3, размер 110 ; 120; 130; 140; 150; 160; 180",110,54590,т,1,0,0,https://www.kavstal.ru/public/assets/images/products/СОРТОВОИ_ПРОКАТ/СТАЛЬ_СОРТ_КОНСТР_КРУГ/img.png,"листовой прокат;сталь сорт констр круг;ст3;110;120;130;140;150;160;180",Ст3,"110 ; 120; 130; 140; 150; 160; 180","ГОСТ 2590-2006",т
"Сортовой прокат","СТАЛЬ СОРТ КОНСТР КРУГ",Ст3,"СТАЛЬ СОРТ КОНСТР КРУГ 190 Ст3","СТАЛЬ СОРТ КОНСТР КРУГ марки Ст3, размер 190 ; 200",190,63990,т,1,0,0,https://www.kavstal.ru/public/assets/images/products/СОРТОВОИ_ПРОКАТ/СТАЛЬ_СОРТ_КОНСТР_КРУГ/img.png,"листовой прокат;сталь сорт констр круг;ст3;190;200",Ст3,"190 ; 200","ГОСТ 2590-2006",т
"Сортовой прокат","СТАЛЬ СОРТ КОНСТР КРУГ",Ст3,"СТАЛЬ СОРТ КОНСТР КРУГ 210 Ст3","СТАЛЬ СОРТ КОНСТР КРУГ марки Ст3, размер 210 ; 220; 230; 240; 250",210,66590,т,1,0,0,https://www.kavstal.ru/public/assets/images/products/СОРТОВОИ_ПРОКАТ/СТАЛЬ_СОРТ_КОНСТР_КРУГ/img.png,"листовой прокат;сталь сорт констр круг;ст3;210;220;230;240;250",Ст3,"210 ; 220; 230; 240; 250","ГОСТ 2590-2006",т
"Сортовой прокат","СТАЛЬ СОРТ КОНСТР КРУГ",Ст3,"СТАЛЬ СОРТ КОНСТР КРУГ 260 Ст3","СТАЛЬ СОРТ КОНСТР КРУГ марки Ст3, размер 260 ; 270",260,79990,т,1,0,0,https://www.kavstal.ru/public/assets/images/products/СОРТОВОИ_ПРОКАТ/СТАЛЬ_СОРТ_КОНСТР_КРУГ/img.png,"листовой прокат;сталь сорт констр круг;ст3;260;270",Ст3,"260 ; 270","ГОСТ 2590-2006",т
"Сортовой прокат","СТАЛЬ СОРТ КОНСТР КРУГ","Ст3 оцинк","СТАЛЬ СОРТ КОНСТР КРУГ 8 Ст3 оцинк","СТАЛЬ СОРТ КОНСТР КРУГ марки Ст3 оцинк, размер 8",8,101990,т,1,0,0,https://www.kavstal.ru/public/assets/images/products/СОРТОВОИ_ПРОКАТ/СТАЛЬ_СОРТ_КОНСТР_КРУГ/img.png,"листовой прокат;сталь сорт констр круг;ст3 оцинк;8","Ст3 оцинк",8,"ГОСТ 2590-2006",т
"Сортовой прокат","СТАЛЬ СОРТ КОНСТР КРУГ","Ст3 оцинк","СТАЛЬ СОРТ КОНСТР КРУГ 12 Ст3 оцинк","СТАЛЬ СОРТ КОНСТР КРУГ марки Ст3 оцинк, размер 12",12,102990,т,1,0,0,https://www.kavstal.ru/public/assets/images/products/СОРТОВОИ_ПРОКАТ/СТАЛЬ_СОРТ_КОНСТР_КРУГ/img.png,"листовой прокат;сталь сорт констр круг;ст3 оцинк;12","Ст3 оцинк",12,"ГОСТ 2590-2006",т
"Сортовой прокат","СТАЛЬ СОРТ КОНСТР КРУГ","Ст3 оцинк","СТАЛЬ СОРТ КОНСТР КРУГ 16 Ст3 оцинк","СТАЛЬ СОРТ КОНСТР КРУГ марки Ст3 оцинк, размер 16 ; 18; 20",16,99990,т,1,0,0,https://www.kavstal.ru/public/assets/images/products/СОРТОВОИ_ПРОКАТ/СТАЛЬ_СОРТ_КОНСТР_КРУГ/img.png,"листовой прокат;сталь сорт констр круг;ст3 оцинк;16;18;20","Ст3 оцинк","16 ; 18; 20","ГОСТ 2590-2006",т
"Сортовой прокат","СТАЛЬ СОРТ КОНСТР КРУГ","Ст3 оцинк К","СТАЛЬ СОРТ КОНСТР КРУГ 8 Ст3 оцинк К","СТАЛЬ СОРТ КОНСТР КРУГ марки Ст3 оцинк К, размер 8 ; 12",8,101250,т,1,0,0,https://www.kavstal.ru/public/assets/images/products/СОРТОВОИ_ПРОКАТ/СТАЛЬ_СОРТ_КОНСТР_КРУГ/img.png,"листовой прокат;сталь сорт констр круг;ст3 оцинк к;8;12","Ст3 оцинк К","8 ; 12","ГОСТ 2590-2006",т
"Сортовой прокат","СТАЛЬ СОРТ КОНСТР КРУГ","Ст3 оцинк оцинк","СТАЛЬ СОРТ КОНСТР КРУГ 10 Ст3 оцинк оцинк","СТАЛЬ СОРТ КОНСТР КРУГ марки Ст3 оцинк оцинк, размер 10",10,104990,т,1,0,0,https://www.kavstal.ru/public/assets/images/products/СОРТОВОИ_ПРОКАТ/СТАЛЬ_СОРТ_КОНСТР_КРУГ/img.png,"листовой прокат;сталь сорт констр круг;ст3 оцинк оцинк;10","Ст3 оцинк оцинк",10,"ГОСТ 2590-2006",т
"Сортовой прокат","СТАЛЬ СОРТ КОНСТР КРУГ",09Г2С,"СТАЛЬ СОРТ КОНСТР КРУГ 16 09Г2С","СТАЛЬ СОРТ КОНСТР КРУГ марки 09Г2С, размер 16 ; 20; 22; 24; 25; 28; 30; 32; 36; 45; 48; 50; 56; 65; 75; 80",16,51990,т,1,0,0,https://www.kavstal.ru/public/assets/images/products/СОРТОВОИ_ПРОКАТ/СТАЛЬ_СОРТ_КОНСТР_КРУГ/img.png,"листовой прокат;сталь сорт констр круг;09г2с;16;20;22;24;25;28;30;32;36;45;48;50;56;65;75;80",09Г2С,"16 ; 20; 22; 24; 25; 28; 30; 32; 36; 45; 48; 50; 56; 65; 75; 80","ГОСТ 2590-2006",т
"Сортовой прокат","СТАЛЬ СОРТ КОНСТР КРУГ",09Г2С,"СТАЛЬ СОРТ КОНСТР КРУГ 85 09Г2С","СТАЛЬ СОРТ КОНСТР КРУГ марки 09Г2С, размер 85 ; 90; 100",85,54990,т,1,0,0,https://www.kavstal.ru/public/assets/images/products/СОРТОВОИ_ПРОКАТ/СТАЛЬ_СОРТ_КОНСТР_КРУГ/img.png,"листовой прокат;сталь сорт констр круг;09г2с;85;90;100",09Г2С,"85 ; 90; 100","ГОСТ 2590-2006",т
"Сортовой прокат","СТАЛЬ СОРТ КОНСТР КРУГ",09Г2С,"СТАЛЬ СОРТ КОНСТР КРУГ 105 09Г2С","СТАЛЬ СОРТ КОНСТР КРУГ марки 09Г2С, размер 105 ; 110; 120; 130; 150; 160",105,58590,т,1,0,0,https://www.kavstal.ru/public/assets/images/products/СОРТОВОИ_ПРОКАТ/СТАЛЬ_СОРТ_КОНСТР_КРУГ/img.png,"листовой прокат;сталь сорт констр круг;09г2с;105;110;120;130;150;160",09Г2С,"105 ; 110; 120; 130; 150; 160","ГОСТ 2590-2006",т
"Сортовой прокат","СТАЛЬ СОРТ КОНСТР КРУГ",09Г2С,"СТАЛЬ СОРТ КОНСТР КРУГ 170 09Г2С","СТАЛЬ СОРТ КОНСТР КРУГ марки 09Г2С, размер 170 ; 180",170,64590,т,1,0,0,https://www.kavstal.ru/public/assets/images/products/СОРТОВОИ_ПРОКАТ/СТАЛЬ_СОРТ_КОНСТР_КРУГ/img.png,"листовой прокат;сталь сорт констр круг;09г2с;170;180",09Г2С,"170 ; 180","ГОСТ 2590-2006",т
"Сортовой прокат","СТАЛЬ СОРТ КОНСТР КРУГ",09Г2С,"СТАЛЬ СОРТ КОНСТР КРУГ 190 09Г2С","СТАЛЬ СОРТ КОНСТР КРУГ марки 09Г2С, размер 190 ; 200",190,67990,т,1,0,0,https://www.kavstal.ru/public/assets/images/products/СОРТОВОИ_ПРОКАТ/СТАЛЬ_СОРТ_КОНСТР_КРУГ/img.png,"листовой прокат;сталь сорт констр круг;09г2с;190;200",09Г2С,"190 ; 200","ГОСТ 2590-2006",т
"Сортовой прокат","СТАЛЬ СОРТ КОНСТР КРУГ",09Г2С,"СТАЛЬ СОРТ КОНСТР КРУГ 210 09Г2С","СТАЛЬ СОРТ КОНСТР КРУГ марки 09Г2С, размер 210 ; 220",210,74990,т,1,0,0,https://www.kavstal.ru/public/assets/images/products/СОРТОВОИ_ПРОКАТ/СТАЛЬ_СОРТ_КОНСТР_КРУГ/img.png,"листовой прокат;сталь сорт констр круг;09г2с;210;220",09Г2С,"210 ; 220","ГОСТ 2590-2006",т
"Сортовой прокат","СТАЛЬ СОРТ КОНСТР КРУГ",09Г2С,"СТАЛЬ СОРТ КОНСТР КРУГ 240 09Г2С","СТАЛЬ СОРТ КОНСТР КРУГ марки 09Г2С, размер 240 ; 250",240,78990,т,1,0,0,https://www.kavstal.ru/public/assets/images/products/СОРТОВОИ_ПРОКАТ/СТАЛЬ_СОРТ_КОНСТР_КРУГ/img.png,"листовой прокат;сталь сорт констр круг;09г2с;240;250",09Г2С,"240 ; 250","ГОСТ 2590-2006",т
"Сортовой прокат","СТАЛЬ СОРТ КОНСТР КРУГ",09Г2С,"СТАЛЬ СОРТ КОНСТР КРУГ 260 09Г2С","СТАЛЬ СОРТ КОНСТР КРУГ марки 09Г2С, размер 260",260,87990,т,1,0,0,https://www.kavstal.ru/public/assets/images/products/СОРТОВОИ_ПРОКАТ/СТАЛЬ_СОРТ_КОНСТР_КРУГ/img.png,"листовой прокат;сталь сорт констр круг;09г2с;260",09Г2С,260,"ГОСТ 2590-2006",т
"Сортовой прокат","СТАЛЬ СОРТ КОНСТР КРУГ",09Г2С,"СТАЛЬ СОРТ КОНСТР КРУГ 270 09Г2С","СТАЛЬ СОРТ КОНСТР КРУГ марки 09Г2С, размер 270",270,88990,т,1,0,0,https://www.kavstal.ru/public/assets/images/products/СОРТОВОИ_ПРОКАТ/СТАЛЬ_СОРТ_КОНСТР_КРУГ/img.png,"листовой прокат;сталь сорт констр круг;09г2с;270",09Г2С,270,"ГОСТ 2590-2006",т
"Сортовой прокат","СТАЛЬ СОРТ КОНСТР КРУГ",09Г2С,"СТАЛЬ СОРТ КОНСТР КРУГ 280 09Г2С","СТАЛЬ СОРТ КОНСТР КРУГ марки 09Г2С, размер 280 ; 290",280,94990,т,1,0,0,https://www.kavstal.ru/public/assets/images/products/СОРТОВОИ_ПРОКАТ/СТАЛЬ_СОРТ_КОНСТР_КРУГ/img.png,"листовой прокат;сталь сорт констр круг;09г2с;280;290",09Г2С,"280 ; 290","ГОСТ 2590-2006",т
"Сортовой прокат","СТАЛЬ СОРТ КОНСТР КРУГ",18ХГТ,"СТАЛЬ СОРТ КОНСТР КРУГ 30 18ХГТ","СТАЛЬ СОРТ КОНСТР КРУГ марки 18ХГТ, размер 30 ; 36; 40; 42; 50; 60; 70; 80",30,56990,т,1,0,0,https://www.kavstal.ru/public/assets/images/products/СОРТОВОИ_ПРОКАТ/СТАЛЬ_СОРТ_КОНСТР_КРУГ/img.png,"листовой прокат;сталь сорт констр круг;18хгт;30;36;40;42;50;60;70;80",18ХГТ,"30 ; 36; 40; 42; 50; 60; 70; 80","ГОСТ 2590-2006",т
"Сортовой прокат","СТАЛЬ СОРТ КОНСТР КРУГ",18ХГТ,"СТАЛЬ СОРТ КОНСТР КРУГ 100 18ХГТ","СТАЛЬ СОРТ КОНСТР КРУГ марки 18ХГТ, размер 100",100,59990,т,1,0,0,https://www.kavstal.ru/public/assets/images/products/СОРТОВОИ_ПРОКАТ/СТАЛЬ_СОРТ_КОНСТР_КРУГ/img.png,"листовой прокат;сталь сорт констр круг;18хгт;100",18ХГТ,100,"ГОСТ 2590-2006",т
"Сортовой прокат","СТАЛЬ СОРТ КОНСТР КРУГ",18ХГТ,"СТАЛЬ СОРТ КОНСТР КРУГ 110 18ХГТ","СТАЛЬ СОРТ КОНСТР КРУГ марки 18ХГТ, размер 110 ; 130; 140; 150; 160",110,63490,т,1,0,0,https://www.kavstal.ru/public/assets/images/products/СОРТОВОИ_ПРОКАТ/СТАЛЬ_СОРТ_КОНСТР_КРУГ/img.png,"листовой прокат;сталь сорт констр круг;18хгт;110;130;140;150;160",18ХГТ,"110 ; 130; 140; 150; 160","ГОСТ 2590-2006",т
"Сортовой прокат","СТАЛЬ СОРТ КОНСТР КРУГ",18ХГТ,"СТАЛЬ СОРТ КОНСТР КРУГ 200 18ХГТ","СТАЛЬ СОРТ КОНСТР КРУГ марки 18ХГТ, размер 200",200,75990,т,1,0,0,https://www.kavstal.ru/public/assets/images/products/СОРТОВОИ_ПРОКАТ/СТАЛЬ_СОРТ_КОНСТР_КРУГ/img.png,"листовой прокат;сталь сорт констр круг;18хгт;200",18ХГТ,200,"ГОСТ 2590-2006",т
"Сортовой прокат","СТАЛЬ СОРТ КОНСТР КРУГ",18ХГТ,"СТАЛЬ СОРТ КОНСТР КРУГ 210 18ХГТ","СТАЛЬ СОРТ КОНСТР КРУГ марки 18ХГТ, размер 210 ; 220; 230; 240; 250",210,86990,т,1,0,0,https://www.kavstal.ru/public/assets/images/products/СОРТОВОИ_ПРОКАТ/СТАЛЬ_СОРТ_КОНСТР_КРУГ/img.png,"листовой прокат;сталь сорт констр круг;18хгт;210;220;230;240;250",18ХГТ,"210 ; 220; 230; 240; 250","ГОСТ 2590-2006",т
"Сортовой прокат","СТАЛЬ СОРТ КОНСТР КРУГ",18ХГТ,"СТАЛЬ СОРТ КОНСТР КРУГ 270 18ХГТ","СТАЛЬ СОРТ КОНСТР КРУГ марки 18ХГТ, размер 270 ; 280; 290",270,99990,т,1,0,0,https://www.kavstal.ru/public/assets/images/products/СОРТОВОИ_ПРОКАТ/СТАЛЬ_СОРТ_КОНСТР_КРУГ/img.png,"листовой прокат;сталь сорт констр круг;18хгт;270;280;290",18ХГТ,"270 ; 280; 290","ГОСТ 2590-2006",т
"Сортовой прокат","СТАЛЬ СОРТ КОНСТР КРУГ",18ХГТ,"СТАЛЬ СОРТ КОНСТР КРУГ 300 18ХГТ","СТАЛЬ СОРТ КОНСТР КРУГ марки 18ХГТ, размер 300",300,119990,т,1,0,0,https://www.kavstal.ru/public/assets/images/products/СОРТОВОИ_ПРОКАТ/СТАЛЬ_СОРТ_КОНСТР_КРУГ/img.png,"листовой прокат;сталь сорт констр круг;18хгт;300",18ХГТ,300,"ГОСТ 2590-2006",т
"Сортовой прокат","СТАЛЬ СОРТ КОНСТР КРУГ",20Х,"СТАЛЬ СОРТ КОНСТР КРУГ 20 20Х","СТАЛЬ СОРТ КОНСТР КРУГ марки 20Х, размер 20 ; 25; 30; 34; 36; 40; 50; 56; 60; 65; 70; 75; 80",20,53990,т,1,0,0,https://www.kavstal.ru/public/assets/images/products/СОРТОВОИ_ПРОКАТ/СТАЛЬ_СОРТ_КОНСТР_КРУГ/img.png,"листовой прокат;сталь сорт констр круг;20х;20;25;30;34;36;40;50;56;60;65;70;75;80",20Х,"20 ; 25; 30; 34; 36; 40; 50; 56; 60; 65; 70; 75; 80","ГОСТ 2590-2006",т
"Сортовой прокат","СТАЛЬ СОРТ КОНСТР КРУГ",20Х,"СТАЛЬ СОРТ КОНСТР КРУГ 90 20Х","СТАЛЬ СОРТ КОНСТР КРУГ марки 20Х, размер 90 ; 100; 110; 120; 130; 140; 150; 160; 170; 180",90,58990,т,1,0,0,https://www.kavstal.ru/public/assets/images/products/СОРТОВОИ_ПРОКАТ/СТАЛЬ_СОРТ_КОНСТР_КРУГ/img.png,"листовой прокат;сталь сорт констр круг;20х;90;100;110;120;130;140;150;160;170;180",20Х,"90 ; 100; 110; 120; 130; 140; 150; 160; 170; 180","ГОСТ 2590-2006",т
"Сортовой прокат","СТАЛЬ СОРТ КОНСТР КРУГ",20Х,"СТАЛЬ СОРТ КОНСТР КРУГ 210 20Х","СТАЛЬ СОРТ КОНСТР КРУГ марки 20Х, размер 210 ; 220",210,73990,т,1,0,0,https://www.kavstal.ru/public/assets/images/products/СОРТОВОИ_ПРОКАТ/СТАЛЬ_СОРТ_КОНСТР_КРУГ/img.png,"листовой прокат;сталь сорт констр круг;20х;210;220",20Х,"210 ; 220","ГОСТ 2590-2006",т
"Сортовой прокат","СТАЛЬ СОРТ КОНСТР КРУГ",20Х,"СТАЛЬ СОРТ КОНСТР КРУГ 250 20Х","СТАЛЬ СОРТ КОНСТР КРУГ марки 20Х, размер 250",250,79990,т,1,0,0,https://www.kavstal.ru/public/assets/images/products/СОРТОВОИ_ПРОКАТ/СТАЛЬ_СОРТ_КОНСТР_КРУГ/img.png,"листовой прокат;сталь сорт констр круг;20х;250",20Х,250,"ГОСТ 2590-2006",т
"Сортовой прокат","СТАЛЬ СОРТ КОНСТР КРУГ",20Х,"СТАЛЬ СОРТ КОНСТР КРУГ 260 20Х","СТАЛЬ СОРТ КОНСТР КРУГ марки 20Х, размер 260 ; 270; 280",260,94990,т,1,0,0,https://www.kavstal.ru/public/assets/images/products/СОРТОВОИ_ПРОКАТ/СТАЛЬ_СОРТ_КОНСТР_КРУГ/img.png,"листовой прокат;сталь сорт констр круг;20х;260;270;280",20Х,"260 ; 270; 280","ГОСТ 2590-2006",т
"Сортовой прокат","СТАЛЬ СОРТ КОНСТР КРУГ",30ХГСА,"СТАЛЬ СОРТ КОНСТР КРУГ 16 30ХГСА","СТАЛЬ СОРТ КОНСТР КРУГ марки 30ХГСА, размер 16 ; 20; 25; 30; 36; 40; 45; 50; 56; 60; 65; 70; 75; 80",16,56990,т,1,0,0,https://www.kavstal.ru/public/assets/images/products/СОРТОВОИ_ПРОКАТ/СТАЛЬ_СОРТ_КОНСТР_КРУГ/img.png,"листовой прокат;сталь сорт констр круг;30хгса;16;20;25;30;36;40;45;50;56;60;65;70;75;80",30ХГСА,"16 ; 20; 25; 30; 36; 40; 45; 50; 56; 60; 65; 70; 75; 80","ГОСТ 2590-2006",т
"Сортовой прокат","СТАЛЬ СОРТ КОНСТР КРУГ",30ХГСА,"СТАЛЬ СОРТ КОНСТР КРУГ 90 30ХГСА","СТАЛЬ СОРТ КОНСТР КРУГ марки 30ХГСА, размер 90 ; 95; 100",90,59990,т,1,0,0,https://www.kavstal.ru/public/assets/images/products/СОРТОВОИ_ПРОКАТ/СТАЛЬ_СОРТ_КОНСТР_КРУГ/img.png,"листовой прокат;сталь сорт констр круг;30хгса;90;95;100",30ХГСА,"90 ; 95; 100","ГОСТ 2590-2006",т
"Сортовой прокат","СТАЛЬ СОРТ КОНСТР КРУГ",30ХГСА,"СТАЛЬ СОРТ КОНСТР КРУГ 110 30ХГСА","СТАЛЬ СОРТ КОНСТР КРУГ марки 30ХГСА, размер 110 ; 120; 130; 140; 150; 160",110,63990,т,1,0,0,https://www.kavstal.ru/public/assets/images/products/СОРТОВОИ_ПРОКАТ/СТАЛЬ_СОРТ_КОНСТР_КРУГ/img.png,"листовой прокат;сталь сорт констр круг;30хгса;110;120;130;140;150;160",30ХГСА,"110 ; 120; 130; 140; 150; 160","ГОСТ 2590-2006",т
"Сортовой прокат","СТАЛЬ СОРТ КОНСТР КРУГ",30ХГСА,"СТАЛЬ СОРТ КОНСТР КРУГ 170 30ХГСА","СТАЛЬ СОРТ КОНСТР КРУГ марки 30ХГСА, размер 170 ; 180",170,70990,т,1,0,0,https://www.kavstal.ru/public/assets/images/products/СОРТОВОИ_ПРОКАТ/СТАЛЬ_СОРТ_КОНСТР_КРУГ/img.png,"листовой прокат;сталь сорт констр круг;30хгса;170;180",30ХГСА,"170 ; 180","ГОСТ 2590-2006",т
"Сортовой прокат","СТАЛЬ СОРТ КОНСТР КРУГ",30ХГСА,"СТАЛЬ СОРТ КОНСТР КРУГ 220 30ХГСА","СТАЛЬ СОРТ КОНСТР КРУГ марки 30ХГСА, размер 220 ; 230; 250",220,86990,т,1,0,0,https://www.kavstal.ru/public/assets/images/products/СОРТОВОИ_ПРОКАТ/СТАЛЬ_СОРТ_КОНСТР_КРУГ/img.png,"листовой прокат;сталь сорт констр круг;30хгса;220;230;250",30ХГСА,"220 ; 230; 250","ГОСТ 2590-2006",т
"Сортовой прокат","СТАЛЬ СОРТ КОНСТР КРУГ",30ХГСА,"СТАЛЬ СОРТ КОНСТР КРУГ 260 30ХГСА","СТАЛЬ СОРТ КОНСТР КРУГ марки 30ХГСА, размер 260",260,92990,т,1,0,0,https://www.kavstal.ru/public/assets/images/products/СОРТОВОИ_ПРОКАТ/СТАЛЬ_СОРТ_КОНСТР_КРУГ/img.png,"листовой прокат;сталь сорт констр круг;30хгса;260",30ХГСА,260,"ГОСТ 2590-2006",т
"Сортовой прокат","СТАЛЬ СОРТ КОНСТР КРУГ",30ХГСА,"СТАЛЬ СОРТ КОНСТР КРУГ 280 30ХГСА","СТАЛЬ СОРТ КОНСТР КРУГ марки 30ХГСА, размер 280",280,99990,т,1,0,0,https://www.kavstal.ru/public/assets/images/products/СОРТОВОИ_ПРОКАТ/СТАЛЬ_СОРТ_КОНСТР_КРУГ/img.png,"листовой прокат;сталь сорт констр круг;30хгса;280",30ХГСА,280,"ГОСТ 2590-2006",т
"Сортовой прокат","СТАЛЬ СОРТ КОНСТР КРУГ",38Х2МЮА,"СТАЛЬ СОРТ КОНСТР КРУГ 60 38Х2МЮА","СТАЛЬ СОРТ КОНСТР КРУГ марки 38Х2МЮА, размер 60 ; 70; 80; 90; 100",60,115990,т,1,0,0,https://www.kavstal.ru/public/assets/images/products/СОРТОВОИ_ПРОКАТ/СТАЛЬ_СОРТ_КОНСТР_КРУГ/img.png,"листовой прокат;сталь сорт констр круг;38х2мюа;60;70;80;90;100",38Х2МЮА,"60 ; 70; 80; 90; 100","ГОСТ 2590-2006",т
"Сортовой прокат","СТАЛЬ СОРТ КОНСТР КРУГ",38Х2МЮА,"СТАЛЬ СОРТ КОНСТР КРУГ 110 38Х2МЮА","СТАЛЬ СОРТ КОНСТР КРУГ марки 38Х2МЮА, размер 110 ; 120",110,119990,т,1,0,0,https://www.kavstal.ru/public/assets/images/products/СОРТОВОИ_ПРОКАТ/СТАЛЬ_СОРТ_КОНСТР_КРУГ/img.png,"листовой прокат;сталь сорт констр круг;38х2мюа;110;120",38Х2МЮА,"110 ; 120","ГОСТ 2590-2006",т
"Сортовой прокат","СТАЛЬ СОРТ КОНСТР КРУГ",38Х2МЮА,"СТАЛЬ СОРТ КОНСТР КРУГ 140 38Х2МЮА","СТАЛЬ СОРТ КОНСТР КРУГ марки 38Х2МЮА, размер 140 ; 150; 160; 170; 180",140,121990,т,1,0,0,https://www.kavstal.ru/public/assets/images/products/СОРТОВОИ_ПРОКАТ/СТАЛЬ_СОРТ_КОНСТР_КРУГ/img.png,"листовой прокат;сталь сорт констр круг;38х2мюа;140;150;160;170;180",38Х2МЮА,"140 ; 150; 160; 170; 180","ГОСТ 2590-2006",т
"Сортовой прокат","СТАЛЬ СОРТ КОНСТР КРУГ",38Х2МЮА,"СТАЛЬ СОРТ КОНСТР КРУГ 190 38Х2МЮА","СТАЛЬ СОРТ КОНСТР КРУГ марки 38Х2МЮА, размер 190 ; 200; 210; 220",190,124990,т,1,0,0,https://www.kavstal.ru/public/assets/images/products/СОРТОВОИ_ПРОКАТ/СТАЛЬ_СОРТ_КОНСТР_КРУГ/img.png,"листовой прокат;сталь сорт констр круг;38х2мюа;190;200;210;220",38Х2МЮА,"190 ; 200; 210; 220","ГОСТ 2590-2006",т
"Сортовой прокат","СТАЛЬ СОРТ КОНСТР КРУГ",38Х2МЮА,"СТАЛЬ СОРТ КОНСТР КРУГ 250 38Х2МЮА","СТАЛЬ СОРТ КОНСТР КРУГ марки 38Х2МЮА, размер 250",250,129990,т,1,0,0,https://www.kavstal.ru/public/assets/images/products/СОРТОВОИ_ПРОКАТ/СТАЛЬ_СОРТ_КОНСТР_КРУГ/img.png,"листовой прокат;сталь сорт констр круг;38х2мюа;250",38Х2МЮА,250,"ГОСТ 2590-2006",т
"Сортовой прокат","СТАЛЬ СОРТ КОНСТР КРУГ",40Х,"СТАЛЬ СОРТ КОНСТР КРУГ 12 40Х","СТАЛЬ СОРТ КОНСТР КРУГ марки 40Х, размер 12",12,59990,т,1,0,0,https://www.kavstal.ru/public/assets/images/products/СОРТОВОИ_ПРОКАТ/СТАЛЬ_СОРТ_КОНСТР_КРУГ/img.png,"листовой прокат;сталь сорт констр круг;40х;12",40Х,12,"ГОСТ 2590-2006",т
"Сортовой прокат","СТАЛЬ СОРТ КОНСТР КРУГ",40Х,"СТАЛЬ СОРТ КОНСТР КРУГ 14 40Х","СТАЛЬ СОРТ КОНСТР КРУГ марки 40Х, размер 14 ; 16; 18; 20; 22; 24; 26; 30; 32; 34; 35; 36; 38; 40; 42; 45; 48; 50; 52; 60; 65; 70; 75; 80",14,51990,т,1,0,0,https://www.kavstal.ru/public/assets/images/products/СОРТОВОИ_ПРОКАТ/СТАЛЬ_СОРТ_КОНСТР_КРУГ/img.png,"листовой прокат;сталь сорт констр круг;40х;14;16;18;20;22;24;26;30;32;34;35;36;38;40;42;45;48;50;52;60;65;70;75;80",40Х,"14 ; 16; 18; 20; 22; 24; 26; 30; 32; 34; 35; 36; 38; 40; 42; 45; 48; 50; 52; 60; 65; 70; 75; 80","ГОСТ 2590-2006",т
"Сортовой прокат","СТАЛЬ СОРТ КОНСТР КРУГ",40Х,"СТАЛЬ СОРТ КОНСТР КРУГ 85 40Х","СТАЛЬ СОРТ КОНСТР КРУГ марки 40Х, размер 85 ; 90; 95; 100",85,54990,т,1,0,0,https://www.kavstal.ru/public/assets/images/products/СОРТОВОИ_ПРОКАТ/СТАЛЬ_СОРТ_КОНСТР_КРУГ/img.png,"листовой прокат;сталь сорт констр круг;40х;85;90;95;100",40Х,"85 ; 90; 95; 100","ГОСТ 2590-2006",т
"Сортовой прокат","СТАЛЬ СОРТ КОНСТР КРУГ",40Х,"СТАЛЬ СОРТ КОНСТР КРУГ 120 40Х","СТАЛЬ СОРТ КОНСТР КРУГ марки 40Х, размер 120 ; 130; 140; 160; 170; 180",120,57990,т,1,0,0,https://www.kavstal.ru/public/assets/images/products/СОРТОВОИ_ПРОКАТ/СТАЛЬ_СОРТ_КОНСТР_КРУГ/img.png,"листовой прокат;сталь сорт констр круг;40х;120;130;140;160;170;180",40Х,"120 ; 130; 140; 160; 170; 180","ГОСТ 2590-2006",т
"Сортовой прокат","СТАЛЬ СОРТ КОНСТР КРУГ",40Х,"СТАЛЬ СОРТ КОНСТР КРУГ 200 40Х","СТАЛЬ СОРТ КОНСТР КРУГ марки 40Х, размер 200",200,69990,т,1,0,0,https://www.kavstal.ru/public/assets/images/products/СОРТОВОИ_ПРОКАТ/СТАЛЬ_СОРТ_КОНСТР_КРУГ/img.png,"листовой прокат;сталь сорт констр круг;40х;200",40Х,200,"ГОСТ 2590-2006",т
"Сортовой прокат","СТАЛЬ СОРТ КОНСТР КРУГ",40Х,"СТАЛЬ СОРТ КОНСТР КРУГ 220 40Х","СТАЛЬ СОРТ КОНСТР КРУГ марки 40Х, размер 220",220,72990,т,1,0,0,https://www.kavstal.ru/public/assets/images/products/СОРТОВОИ_ПРОКАТ/СТАЛЬ_СОРТ_КОНСТР_КРУГ/img.png,"листовой прокат;сталь сорт констр круг;40х;220",40Х,220,"ГОСТ 2590-2006",т
"Сортовой прокат","СТАЛЬ СОРТ КОНСТР КРУГ",40Х,"СТАЛЬ СОРТ КОНСТР КРУГ 250 40Х","СТАЛЬ СОРТ КОНСТР КРУГ марки 40Х, размер 250",250,78990,т,1,0,0,https://www.kavstal.ru/public/assets/images/products/СОРТОВОИ_ПРОКАТ/СТАЛЬ_СОРТ_КОНСТР_КРУГ/img.png,"листовой прокат;сталь сорт констр круг;40х;250",40Х,250,"ГОСТ 2590-2006",т
"Сортовой прокат","СТАЛЬ СОРТ КОНСТР КРУГ",40Х,"СТАЛЬ СОРТ КОНСТР КРУГ 260 40Х","СТАЛЬ СОРТ КОНСТР КРУГ марки 40Х, размер 260",260,89990,т,1,0,0,https://www.kavstal.ru/public/assets/images/products/СОРТОВОИ_ПРОКАТ/СТАЛЬ_СОРТ_КОНСТР_КРУГ/img.png,"листовой прокат;сталь сорт констр круг;40х;260",40Х,260,"ГОСТ 2590-2006",т
"Сортовой прокат","СТАЛЬ СОРТ КОНСТР КРУГ",40Х,"СТАЛЬ СОРТ КОНСТР КРУГ 280 40Х","СТАЛЬ СОРТ КОНСТР КРУГ марки 40Х, размер 280 ; 290",280,94990,т,1,0,0,https://www.kavstal.ru/public/assets/images/products/СОРТОВОИ_ПРОКАТ/СТАЛЬ_СОРТ_КОНСТР_КРУГ/img.png,"листовой прокат;сталь сорт констр круг;40х;280;290",40Х,"280 ; 290","ГОСТ 2590-2006",т
"Сортовой прокат","СТАЛЬ СОРТ КОНСТР КРУГ",Ст20,"СТАЛЬ СОРТ КОНСТР КРУГ 10 Ст20","СТАЛЬ СОРТ КОНСТР КРУГ марки Ст20, размер 10 ; 12",10,55990,т,1,0,0,https://www.kavstal.ru/public/assets/images/products/СОРТОВОИ_ПРОКАТ/СТАЛЬ_СОРТ_КОНСТР_КРУГ/img.png,"листовой прокат;сталь сорт констр круг;ст20;10;12",Ст20,"10 ; 12","ГОСТ 2590-2006",т
"Сортовой прокат","СТАЛЬ СОРТ КОНСТР КРУГ",Ст20,"СТАЛЬ СОРТ КОНСТР КРУГ 14 Ст20","СТАЛЬ СОРТ КОНСТР КРУГ марки Ст20, размер 14 ; 16; 18; 20; 22; 24; 25; 26; 28; 30; 32; 34; 36; 38; 40; 42; 45; 48; 50; 52; 56; 60; 65; 70; 75; 80",14,48990,т,1,0,0,https://www.kavstal.ru/public/assets/images/products/СОРТОВОИ_ПРОКАТ/СТАЛЬ_СОРТ_КОНСТР_КРУГ/img.png,"листовой прокат;сталь сорт констр круг;ст20;14;16;18;20;22;24;25;26;28;30;32;34;36;38;40;42;45;48;50;52;56;60;65;70;75;80",Ст20,"14 ; 16; 18; 20; 22; 24; 25; 26; 28; 30; 32; 34; 36; 38; 40; 42; 45; 48; 50; 52; 56; 60; 65; 70; 75; 80","ГОСТ 2590-2006",т
"Сортовой прокат","СТАЛЬ СОРТ КОНСТР КРУГ",Ст20,"СТАЛЬ СОРТ КОНСТР КРУГ 85 Ст20","СТАЛЬ СОРТ КОНСТР КРУГ марки Ст20, размер 85 ; 90; 100",85,51990,т,1,0,0,https://www.kavstal.ru/public/assets/images/products/СОРТОВОИ_ПРОКАТ/СТАЛЬ_СОРТ_КОНСТР_КРУГ/img.png,"листовой прокат;сталь сорт констр круг;ст20;85;90;100",Ст20,"85 ; 90; 100","ГОСТ 2590-2006",т
"Сортовой прокат","СТАЛЬ СОРТ КОНСТР КРУГ",Ст20,"СТАЛЬ СОРТ КОНСТР КРУГ 105 Ст20","СТАЛЬ СОРТ КОНСТР КРУГ марки Ст20, размер 105 ; 110; 120; 130; 140; 150; 160; 170; 180",105,54590,т,1,0,0,https://www.kavstal.ru/public/assets/images/products/СОРТОВОИ_ПРОКАТ/СТАЛЬ_СОРТ_КОНСТР_КРУГ/img.png,"листовой прокат;сталь сорт констр круг;ст20;105;110;120;130;140;150;160;170;180",Ст20,"105 ; 110; 120; 130; 140; 150; 160; 170; 180","ГОСТ 2590-2006",т
"Сортовой прокат","СТАЛЬ СОРТ КОНСТР КРУГ",Ст20,"СТАЛЬ СОРТ КОНСТР КРУГ 190 Ст20","СТАЛЬ СОРТ КОНСТР КРУГ марки Ст20, размер 190 ; 200",190,63990,т,1,0,0,https://www.kavstal.ru/public/assets/images/products/СОРТОВОИ_ПРОКАТ/СТАЛЬ_СОРТ_КОНСТР_КРУГ/img.png,"листовой прокат;сталь сорт констр круг;ст20;190;200",Ст20,"190 ; 200","ГОСТ 2590-2006",т
"Сортовой прокат","СТАЛЬ СОРТ КОНСТР КРУГ",Ст20,"СТАЛЬ СОРТ КОНСТР КРУГ 210 Ст20","СТАЛЬ СОРТ КОНСТР КРУГ марки Ст20, размер 210 ; 220; 230; 240",210,67590,т,1,0,0,https://www.kavstal.ru/public/assets/images/products/СОРТОВОИ_ПРОКАТ/СТАЛЬ_СОРТ_КОНСТР_КРУГ/img.png,"листовой прокат;сталь сорт констр круг;ст20;210;220;230;240",Ст20,"210 ; 220; 230; 240","ГОСТ 2590-2006",т
"Сортовой прокат","СТАЛЬ СОРТ КОНСТР КРУГ",Ст35,"СТАЛЬ СОРТ КОНСТР КРУГ 12 Ст35","СТАЛЬ СОРТ КОНСТР КРУГ марки Ст35, размер 12",12,55990,т,1,0,0,https://www.kavstal.ru/public/assets/images/products/СОРТОВОИ_ПРОКАТ/СТАЛЬ_СОРТ_КОНСТР_КРУГ/img.png,"листовой прокат;сталь сорт констр круг;ст35;12",Ст35,12,"ГОСТ 2590-2006",т
"Сортовой прокат","СТАЛЬ СОРТ КОНСТР КРУГ",Ст35,"СТАЛЬ СОРТ КОНСТР КРУГ 14 Ст35","СТАЛЬ СОРТ КОНСТР КРУГ марки Ст35, размер 14 ; 16; 18; 20; 22; 24; 25; 26; 28; 30; 32; 34; 36; 38; 40; 45; 50; 52; 54; 56; 60; 65; 70; 75",14,48990,т,1,0,0,https://www.kavstal.ru/public/assets/images/products/СОРТОВОИ_ПРОКАТ/СТАЛЬ_СОРТ_КОНСТР_КРУГ/img.png,"листовой прокат;сталь сорт констр круг;ст35;14;16;18;20;22;24;25;26;28;30;32;34;36;38;40;45;50;52;54;56;60;65;70;75",Ст35,"14 ; 16; 18; 20; 22; 24; 25; 26; 28; 30; 32; 34; 36; 38; 40; 45; 50; 52; 54; 56; 60; 65; 70; 75","ГОСТ 2590-2006",т
"Сортовой прокат","СТАЛЬ СОРТ КОНСТР КРУГ",Ст35,"СТАЛЬ СОРТ КОНСТР КРУГ 85 Ст35","СТАЛЬ СОРТ КОНСТР КРУГ марки Ст35, размер 85 ; 90; 95; 100",85,51990,т,1,0,0,https://www.kavstal.ru/public/assets/images/products/СОРТОВОИ_ПРОКАТ/СТАЛЬ_СОРТ_КОНСТР_КРУГ/img.png,"листовой прокат;сталь сорт констр круг;ст35;85;90;95;100",Ст35,"85 ; 90; 95; 100","ГОСТ 2590-2006",т
"Сортовой прокат","СТАЛЬ СОРТ КОНСТР КРУГ",Ст35,"СТАЛЬ СОРТ КОНСТР КРУГ 105 Ст35","СТАЛЬ СОРТ КОНСТР КРУГ марки Ст35, размер 105 ; 110; 115; 120; 125; 130; 140; 160; 170",105,54590,т,1,0,0,https://www.kavstal.ru/public/assets/images/products/СОРТОВОИ_ПРОКАТ/СТАЛЬ_СОРТ_КОНСТР_КРУГ/img.png,"листовой прокат;сталь сорт констр круг;ст35;105;110;115;120;125;130;140;160;170",Ст35,"105 ; 110; 115; 120; 125; 130; 140; 160; 170","ГОСТ 2590-2006",т
"Сортовой прокат","СТАЛЬ СОРТ КОНСТР КРУГ",Ст35,"СТАЛЬ СОРТ КОНСТР КРУГ 200 Ст35","СТАЛЬ СОРТ КОНСТР КРУГ марки Ст35, размер 200",200,63990,т,1,0,0,https://www.kavstal.ru/public/assets/images/products/СОРТОВОИ_ПРОКАТ/СТАЛЬ_СОРТ_КОНСТР_КРУГ/img.png,"листовой прокат;сталь сорт констр круг;ст35;200",Ст35,200,"ГОСТ 2590-2006",т
"Сортовой прокат","СТАЛЬ СОРТ КОНСТР КРУГ",Ст35,"СТАЛЬ СОРТ КОНСТР КРУГ 210 Ст35","СТАЛЬ СОРТ КОНСТР КРУГ марки Ст35, размер 210 ; 240; 250",210,67590,т,1,0,0,https://www.kavstal.ru/public/assets/images/products/СОРТОВОИ_ПРОКАТ/СТАЛЬ_СОРТ_КОНСТР_КРУГ/img.png,"листовой прокат;сталь сорт констр круг;ст35;210;240;250",Ст35,"210 ; 240; 250","ГОСТ 2590-2006",т
"Сортовой прокат","СТАЛЬ СОРТ КОНСТР КРУГ",Ст35,"СТАЛЬ СОРТ КОНСТР КРУГ 270 Ст35","СТАЛЬ СОРТ КОНСТР КРУГ марки Ст35, размер 270",270,79990,т,1,0,0,https://www.kavstal.ru/public/assets/images/products/СОРТОВОИ_ПРОКАТ/СТАЛЬ_СОРТ_КОНСТР_КРУГ/img.png,"листовой прокат;сталь сорт констр круг;ст35;270",Ст35,270,"ГОСТ 2590-2006",т
"Сортовой прокат","СТАЛЬ СОРТ КОНСТР КРУГ",Ст35,"СТАЛЬ СОРТ КОНСТР КРУГ 280 Ст35","СТАЛЬ СОРТ КОНСТР КРУГ марки Ст35, размер 280",280,87990,т,1,0,0,https://www.kavstal.ru/public/assets/images/products/СОРТОВОИ_ПРОКАТ/СТАЛЬ_СОРТ_КОНСТР_КРУГ/img.png,"листовой прокат;сталь сорт констр круг;ст35;280",Ст35,280,"ГОСТ 2590-2006",т
"Сортовой прокат","СТАЛЬ СОРТ КОНСТР КРУГ",Ст45,"СТАЛЬ СОРТ КОНСТР КРУГ 12 Ст45","СТАЛЬ СОРТ КОНСТР КРУГ марки Ст45, размер 12",12,55990,т,1,0,0,https://www.kavstal.ru/public/assets/images/products/СОРТОВОИ_ПРОКАТ/СТАЛЬ_СОРТ_КОНСТР_КРУГ/img.png,"листовой прокат;сталь сорт констр круг;ст45;12",Ст45,12,"ГОСТ 2590-2006",т
"Сортовой прокат","СТАЛЬ СОРТ КОНСТР КРУГ",Ст45,"СТАЛЬ СОРТ КОНСТР КРУГ 14 Ст45","СТАЛЬ СОРТ КОНСТР КРУГ марки Ст45, размер 14 ; 16; 18; 20; 22; 24; 25; 26; 28; 30; 32; 34; 35; 36; 38; 40; 42; 45; 46; 48; 50; 52; 54; 56; 60; 65; 70; 75; 80",14,48990,т,1,0,0,https://www.kavstal.ru/public/assets/images/products/СОРТОВОИ_ПРОКАТ/СТАЛЬ_СОРТ_КОНСТР_КРУГ/img.png,"листовой прокат;сталь сорт констр круг;ст45;14;16;18;20;22;24;25;26;28;30;32;34;35;36;38;40;42;45;46;48;50;52;54;56;60;65;70;75;80",Ст45,"14 ; 16; 18; 20; 22; 24; 25; 26; 28; 30; 32; 34; 35; 36; 38; 40; 42; 45; 46; 48; 50; 52; 54; 56; 60; 65; 70; 75; 80","ГОСТ 2590-2006",т
"Сортовой прокат","СТАЛЬ СОРТ КОНСТР КРУГ",Ст45,"СТАЛЬ СОРТ КОНСТР КРУГ 85 Ст45","СТАЛЬ СОРТ КОНСТР КРУГ марки Ст45, размер 85 ; 90; 95; 100",85,51990,т,1,0,0,https://www.kavstal.ru/public/assets/images/products/СОРТОВОИ_ПРОКАТ/СТАЛЬ_СОРТ_КОНСТР_КРУГ/img.png,"листовой прокат;сталь сорт констр круг;ст45;85;90;95;100",Ст45,"85 ; 90; 95; 100","ГОСТ 2590-2006",т
"Сортовой прокат","СТАЛЬ СОРТ КОНСТР КРУГ",Ст45,"СТАЛЬ СОРТ КОНСТР КРУГ 110 Ст45","СТАЛЬ СОРТ КОНСТР КРУГ марки Ст45, размер 110 ; 120; 130; 140; 150; 160; 170; 180",110,54590,т,1,0,0,https://www.kavstal.ru/public/assets/images/products/СОРТОВОИ_ПРОКАТ/СТАЛЬ_СОРТ_КОНСТР_КРУГ/img.png,"листовой прокат;сталь сорт констр круг;ст45;110;120;130;140;150;160;170;180",Ст45,"110 ; 120; 130; 140; 150; 160; 170; 180","ГОСТ 2590-2006",т
"Сортовой прокат","СТАЛЬ СОРТ КОНСТР КРУГ",Ст45,"СТАЛЬ СОРТ КОНСТР КРУГ 200 Ст45","СТАЛЬ СОРТ КОНСТР КРУГ марки Ст45, размер 200",200,63990,т,1,0,0,https://www.kavstal.ru/public/assets/images/products/СОРТОВОИ_ПРОКАТ/СТАЛЬ_СОРТ_КОНСТР_КРУГ/img.png,"листовой прокат;сталь сорт констр круг;ст45;200",Ст45,200,"ГОСТ 2590-2006",т
"Сортовой прокат","СТАЛЬ СОРТ КОНСТР КРУГ",Ст45,"СТАЛЬ СОРТ КОНСТР КРУГ 210 Ст45","СТАЛЬ СОРТ КОНСТР КРУГ марки Ст45, размер 210 ; 220; 230; 240; 250",210,67590,т,1,0,0,https://www.kavstal.ru/public/assets/images/products/СОРТОВОИ_ПРОКАТ/СТАЛЬ_СОРТ_КОНСТР_КРУГ/img.png,"листовой прокат;сталь сорт констр круг;ст45;210;220;230;240;250",Ст45,"210 ; 220; 230; 240; 250","ГОСТ 2590-2006",т
"Сортовой прокат","СТАЛЬ СОРТ КОНСТР КРУГ",Ст45,"СТАЛЬ СОРТ КОНСТР КРУГ 260 Ст45","СТАЛЬ СОРТ КОНСТР КРУГ марки Ст45, размер 260 ; 270",260,79990,т,1,0,0,https://www.kavstal.ru/public/assets/images/products/СОРТОВОИ_ПРОКАТ/СТАЛЬ_СОРТ_КОНСТР_КРУГ/img.png,"листовой прокат;сталь сорт констр круг;ст45;260;270",Ст45,"260 ; 270","ГОСТ 2590-2006",т
"Сортовой прокат","СТАЛЬ СОРТ КОНСТР КРУГ",Ст65Г,"СТАЛЬ СОРТ КОНСТР КРУГ 10 Ст65Г","СТАЛЬ СОРТ КОНСТР КРУГ марки Ст65Г, размер 10",10,74990,т,1,0,0,https://www.kavstal.ru/public/assets/images/products/СОРТОВОИ_ПРОКАТ/СТАЛЬ_СОРТ_КОНСТР_КРУГ/img.png,"листовой прокат;сталь сорт констр круг;ст65г;10",Ст65Г,10,"ГОСТ 2590-2006",т
"Сортовой прокат","СТАЛЬ СОРТ КОНСТР КРУГ",Ст65Г,"СТАЛЬ СОРТ КОНСТР КРУГ 12 Ст65Г","СТАЛЬ СОРТ КОНСТР КРУГ марки Ст65Г, размер 12 ; 14; 20; 30; 40; 50; 60; 70; 80; 90; 100; 110; 140; 150; 160; 170; 180",12,72990,т,1,0,0,https://www.kavstal.ru/public/assets/images/products/СОРТОВОИ_ПРОКАТ/СТАЛЬ_СОРТ_КОНСТР_КРУГ/img.png,"листовой прокат;сталь сорт констр круг;ст65г;12;14;20;30;40;50;60;70;80;90;100;110;140;150;160;170;180",Ст65Г,"12 ; 14; 20; 30; 40; 50; 60; 70; 80; 90; 100; 110; 140; 150; 160; 170; 180","ГОСТ 2590-2006",т
"Сортовой прокат","СТАЛЬ СОРТ КОНСТР КРУГ",Ст65Г,"СТАЛЬ СОРТ КОНСТР КРУГ 200 Ст65Г","СТАЛЬ СОРТ КОНСТР КРУГ марки Ст65Г, размер 200 ; 210; 220",200,79990,т,1,0,0,https://www.kavstal.ru/public/assets/images/products/СОРТОВОИ_ПРОКАТ/СТАЛЬ_СОРТ_КОНСТР_КРУГ/img.png,"листовой прокат;сталь сорт констр круг;ст65г;200;210;220",Ст65Г,"200 ; 210; 220","ГОСТ 2590-2006",т
"Сортовой прокат","СТАЛЬ СОРТ КОНСТР КРУГ",Ст65Г,"СТАЛЬ СОРТ КОНСТР КРУГ 230 Ст65Г","СТАЛЬ СОРТ КОНСТР КРУГ марки Ст65Г, размер 230",230,89990,т,1,0,0,https://www.kavstal.ru/public/assets/images/products/СОРТОВОИ_ПРОКАТ/СТАЛЬ_СОРТ_КОНСТР_КРУГ/img.png,"листовой прокат;сталь сорт констр круг;ст65г;230",Ст65Г,230,"ГОСТ 2590-2006",т
"Сортовой прокат","СТАЛЬ СОРТ КОНСТР ШЕСТИГРАННИК",09Г2С,"СТАЛЬ СОРТ КОНСТР ШЕСТИГРАННИК 14 09Г2С","СТАЛЬ СОРТ КОНСТР ШЕСТИГРАННИК марки 09Г2С, размер 14 ; 17; 19; 22; 24; 27; 30; 32; 36; 41",14,79990,т,1,0,0,https://www.kavstal.ru/public/assets/images/products/СОРТОВОИ_ПРОКАТ/СТАЛЬ_СОРТ_КОНСТР_ШЕСТИГРАННИК/img.webp,"листовой прокат;сталь сорт констр шестигранник;09г2с;14;17;19;22;24;27;30;32;36;41",09Г2С,"14 ; 17; 19; 22; 24; 27; 30; 32; 36; 41",,т
"Сортовой прокат","СТАЛЬ СОРТ КОНСТР ШЕСТИГРАННИК",09Г2С,"СТАЛЬ СОРТ КОНСТР ШЕСТИГРАННИК 46 09Г2С","СТАЛЬ СОРТ КОНСТР ШЕСТИГРАННИК марки 09Г2С, размер 46 ; 50; 52; 55; 57; 65",46,85990,т,1,0,0,https://www.kavstal.ru/public/assets/images/products/СОРТОВОИ_ПРОКАТ/СТАЛЬ_СОРТ_КОНСТР_ШЕСТИГРАННИК/img.webp,"листовой прокат;сталь сорт констр шестигранник;09г2с;46;50;52;55;57;65",09Г2С,"46 ; 50; 52; 55; 57; 65",,т
"Сортовой прокат","СТАЛЬ СОРТ КОНСТР ШЕСТИГРАННИК",09Г2С,"СТАЛЬ СОРТ КОНСТР ШЕСТИГРАННИК 75 09Г2С","СТАЛЬ СОРТ КОНСТР ШЕСТИГРАННИК марки 09Г2С, размер 75",75,86990,т,1,0,0,https://www.kavstal.ru/public/assets/images/products/СОРТОВОИ_ПРОКАТ/СТАЛЬ_СОРТ_КОНСТР_ШЕСТИГРАННИК/img.webp,"листовой прокат;сталь сорт констр шестигранник;09г2с;75",09Г2С,75,,т
"Сортовой прокат","СТАЛЬ СОРТ КОНСТР ШЕСТИГРАННИК",40Х,"СТАЛЬ СОРТ КОНСТР ШЕСТИГРАННИК 14 40Х","СТАЛЬ СОРТ КОНСТР ШЕСТИГРАННИК марки 40Х, размер 14 ; 17; 19; 22; 24; 27; 30; 32; 36; 41",14,79990,т,1,0,0,https://www.kavstal.ru/public/assets/images/products/СОРТОВОИ_ПРОКАТ/СТАЛЬ_СОРТ_КОНСТР_ШЕСТИГРАННИК/img.webp,"листовой прокат;сталь сорт констр шестигранник;40х;14;17;19;22;24;27;30;32;36;41",40Х,"14 ; 17; 19; 22; 24; 27; 30; 32; 36; 41",,т
"Сортовой прокат","СТАЛЬ СОРТ КОНСТР ШЕСТИГРАННИК",40Х,"СТАЛЬ СОРТ КОНСТР ШЕСТИГРАННИК 46 40Х","СТАЛЬ СОРТ КОНСТР ШЕСТИГРАННИК марки 40Х, размер 46 ; 55; 65",46,84990,т,1,0,0,https://www.kavstal.ru/public/assets/images/products/СОРТОВОИ_ПРОКАТ/СТАЛЬ_СОРТ_КОНСТР_ШЕСТИГРАННИК/img.webp,"листовой прокат;сталь сорт констр шестигранник;40х;46;55;65",40Х,"46 ; 55; 65",,т
"Сортовой прокат","СТАЛЬ СОРТ КОНСТР ШЕСТИГРАННИК",Ст20,"СТАЛЬ СОРТ КОНСТР ШЕСТИГРАННИК 12 Ст20","СТАЛЬ СОРТ КОНСТР ШЕСТИГРАННИК марки Ст20, размер 12 ; 14; 17; 19; 24; 27; 30; 32; 36; 41",12,73990,т,1,0,0,https://www.kavstal.ru/public/assets/images/products/СОРТОВОИ_ПРОКАТ/СТАЛЬ_СОРТ_КОНСТР_ШЕСТИГРАННИК/img.webp,"листовой прокат;сталь сорт констр шестигранник;ст20;12;14;17;19;24;27;30;32;36;41",Ст20,"12 ; 14; 17; 19; 24; 27; 30; 32; 36; 41",,т
"Сортовой прокат","СТАЛЬ СОРТ КОНСТР ШЕСТИГРАННИК",Ст20,"СТАЛЬ СОРТ КОНСТР ШЕСТИГРАННИК 46 Ст20","СТАЛЬ СОРТ КОНСТР ШЕСТИГРАННИК марки Ст20, размер 46 ; 50; 65",46,77990,т,1,0,0,https://www.kavstal.ru/public/assets/images/products/СОРТОВОИ_ПРОКАТ/СТАЛЬ_СОРТ_КОНСТР_ШЕСТИГРАННИК/img.webp,"листовой прокат;сталь сорт констр шестигранник;ст20;46;50;65",Ст20,"46 ; 50; 65",,т
"Сортовой прокат","СТАЛЬ СОРТ КОНСТР ШЕСТИГРАННИК",Ст35,"СТАЛЬ СОРТ КОНСТР ШЕСТИГРАННИК 12 Ст35","СТАЛЬ СОРТ КОНСТР ШЕСТИГРАННИК марки Ст35, размер 12 ; 14; 19; 22; 24; 27; 30; 32; 36",12,73990,т,1,0,0,https://www.kavstal.ru/public/assets/images/products/СОРТОВОИ_ПРОКАТ/СТАЛЬ_СОРТ_КОНСТР_ШЕСТИГРАННИК/img.webp,"листовой прокат;сталь сорт констр шестигранник;ст35;12;14;19;22;24;27;30;32;36",Ст35,"12 ; 14; 19; 22; 24; 27; 30; 32; 36",,т
"Сортовой прокат","СТАЛЬ СОРТ КОНСТР ШЕСТИГРАННИК",Ст35,"СТАЛЬ СОРТ КОНСТР ШЕСТИГРАННИК 46 Ст35","СТАЛЬ СОРТ КОНСТР ШЕСТИГРАННИК марки Ст35, размер 46 ; 50; 55; 65",46,77990,т,1,0,0,https://www.kavstal.ru/public/assets/images/products/СОРТОВОИ_ПРОКАТ/СТАЛЬ_СОРТ_КОНСТР_ШЕСТИГРАННИК/img.webp,"листовой прокат;сталь сорт констр шестигранник;ст35;46;50;55;65",Ст35,"46 ; 50; 55; 65",,т
"Сортовой прокат","СТАЛЬ СОРТ КОНСТР ШЕСТИГРАННИК",Ст45,"СТАЛЬ СОРТ КОНСТР ШЕСТИГРАННИК 12 Ст45","СТАЛЬ СОРТ КОНСТР ШЕСТИГРАННИК марки Ст45, размер 12 ; 14; 17; 19; 22; 24; 27; 30; 32; 36; 41",12,73990,т,1,0,0,https://www.kavstal.ru/public/assets/images/products/СОРТОВОИ_ПРОКАТ/СТАЛЬ_СОРТ_КОНСТР_ШЕСТИГРАННИК/img.webp,"листовой прокат;сталь сорт констр шестигранник;ст45;12;14;17;19;22;24;27;30;32;36;41",Ст45,"12 ; 14; 17; 19; 22; 24; 27; 30; 32; 36; 41",,т
"Сортовой прокат","СТАЛЬ СОРТ КОНСТР ШЕСТИГРАННИК",Ст45,"СТАЛЬ СОРТ КОНСТР ШЕСТИГРАННИК 46 Ст45","СТАЛЬ СОРТ КОНСТР ШЕСТИГРАННИК марки Ст45, размер 46 ; 50; 55",46,77990,т,1,0,0,https://www.kavstal.ru/public/assets/images/products/СОРТОВОИ_ПРОКАТ/СТАЛЬ_СОРТ_КОНСТР_ШЕСТИГРАННИК/img.webp,"листовой прокат;сталь сорт констр шестигранник;ст45;46;50;55",Ст45,"46 ; 50; 55",,т
"Сортовой прокат","СТАЛЬ СОРТ КОНСТР ШЕСТИГРАННИК",Ст45,"СТАЛЬ СОРТ КОНСТР ШЕСТИГРАННИК 75 Ст45","СТАЛЬ СОРТ КОНСТР ШЕСТИГРАННИК марки Ст45, размер 75",75,80990,т,1,0,0,https://www.kavstal.ru/public/assets/images/products/СОРТОВОИ_ПРОКАТ/СТАЛЬ_СОРТ_КОНСТР_ШЕСТИГРАННИК/img.webp,"листовой прокат;сталь сорт констр шестигранник;ст45;75",Ст45,75,,т
"Сортовой прокат","СТАЛЬ КОНСТРУКЦИОННАЯ НИКЕЛ КРУГ",12Х2Н4А,"СТАЛЬ КОНСТРУКЦИОННАЯ НИКЕЛ КРУГ 40 12Х2Н4А","СТАЛЬ КОНСТРУКЦИОННАЯ НИКЕЛ КРУГ марки 12Х2Н4А, размер 40 ; 42; 45; 65",40,159990,т,1,0,0,https://www.kavstal.ru/public/assets/images/products/СОРТОВОИ_ПРОКАТ/СТАЛЬ_КОНСТРУКЦИОННАЯ_НИКЕЛ_КРУГ/img.webp,"листовой прокат;сталь конструкционная никел круг;12х2н4а;40;42;45;65",12Х2Н4А,"40 ; 42; 45; 65","ГОСТ 2590-2006",т
"Сортовой прокат","СТАЛЬ КОНСТРУКЦИОННАЯ НИКЕЛ КРУГ",12ХН3А,"СТАЛЬ КОНСТРУКЦИОННАЯ НИКЕЛ КРУГ 36 12ХН3А","СТАЛЬ КОНСТРУКЦИОННАЯ НИКЕЛ КРУГ марки 12ХН3А, размер 36 ; 40; 50",36,179990,т,1,0,0,https://www.kavstal.ru/public/assets/images/products/СОРТОВОИ_ПРОКАТ/СТАЛЬ_КОНСТРУКЦИОННАЯ_НИКЕЛ_КРУГ/img.webp,"листовой прокат;сталь конструкционная никел круг;12хн3а;36;40;50",12ХН3А,"36 ; 40; 50","ГОСТ 2590-2006",т
"Сортовой прокат","СТАЛЬ КОНСТРУКЦИОННАЯ НИКЕЛ КРУГ",12ХН3А,"СТАЛЬ КОНСТРУКЦИОННАЯ НИКЕЛ КРУГ 60 12ХН3А","СТАЛЬ КОНСТРУКЦИОННАЯ НИКЕЛ КРУГ марки 12ХН3А, размер 60 ; 65; 70; 80; 90; 100; 110; 120; 130; 150; 160; 170; 180",60,169990,т,1,0,0,https://www.kavstal.ru/public/assets/images/products/СОРТОВОИ_ПРОКАТ/СТАЛЬ_КОНСТРУКЦИОННАЯ_НИКЕЛ_КРУГ/img.webp,"листовой прокат;сталь конструкционная никел круг;12хн3а;60;65;70;80;90;100;110;120;130;150;160;170;180",12ХН3А,"60 ; 65; 70; 80; 90; 100; 110; 120; 130; 150; 160; 170; 180","ГОСТ 2590-2006",т
"Сортовой прокат","СТАЛЬ КОНСТРУКЦИОННАЯ НИКЕЛ КРУГ",12ХН3А,"СТАЛЬ КОНСТРУКЦИОННАЯ НИКЕЛ КРУГ 200 12ХН3А","СТАЛЬ КОНСТРУКЦИОННАЯ НИКЕЛ КРУГ марки 12ХН3А, размер 200",200,179990,т,1,0,0,https://www.kavstal.ru/public/assets/images/products/СОРТОВОИ_ПРОКАТ/СТАЛЬ_КОНСТРУКЦИОННАЯ_НИКЕЛ_КРУГ/img.webp,"листовой прокат;сталь конструкционная никел круг;12хн3а;200",12ХН3А,200,"ГОСТ 2590-2006",т
"Сортовой прокат","СТАЛЬ КОНСТРУКЦИОННАЯ НИКЕЛ КРУГ",12ХН3А,"СТАЛЬ КОНСТРУКЦИОННАЯ НИКЕЛ КРУГ 210 12ХН3А","СТАЛЬ КОНСТРУКЦИОННАЯ НИКЕЛ КРУГ марки 12ХН3А, размер 210 ; 220",210,189990,т,1,0,0,https://www.kavstal.ru/public/assets/images/products/СОРТОВОИ_ПРОКАТ/СТАЛЬ_КОНСТРУКЦИОННАЯ_НИКЕЛ_КРУГ/img.webp,"листовой прокат;сталь конструкционная никел круг;12хн3а;210;220",12ХН3А,"210 ; 220","ГОСТ 2590-2006",т
"Сортовой прокат","СТАЛЬ КОНСТРУКЦИОННАЯ НИКЕЛ КРУГ",12ХН3А,"СТАЛЬ КОНСТРУКЦИОННАЯ НИКЕЛ КРУГ 230 12ХН3А","СТАЛЬ КОНСТРУКЦИОННАЯ НИКЕЛ КРУГ марки 12ХН3А, размер 230 ; 240; 250",230,199990,т,1,0,0,https://www.kavstal.ru/public/assets/images/products/СОРТОВОИ_ПРОКАТ/СТАЛЬ_КОНСТРУКЦИОННАЯ_НИКЕЛ_КРУГ/img.webp,"листовой прокат;сталь конструкционная никел круг;12хн3а;230;240;250",12ХН3А,"230 ; 240; 250","ГОСТ 2590-2006",т
"Сортовой прокат","СТАЛЬ КОНСТРУКЦИОННАЯ НИКЕЛ КРУГ",20Х2Н4А,"СТАЛЬ КОНСТРУКЦИОННАЯ НИКЕЛ КРУГ 90 20Х2Н4А","СТАЛЬ КОНСТРУКЦИОННАЯ НИКЕЛ КРУГ марки 20Х2Н4А, размер 90",90,200230,т,1,0,0,https://www.kavstal.ru/public/assets/images/products/СОРТОВОИ_ПРОКАТ/СТАЛЬ_КОНСТРУКЦИОННАЯ_НИКЕЛ_КРУГ/img.webp,"листовой прокат;сталь конструкционная никел круг;20х2н4а;90",20Х2Н4А,90,"ГОСТ 2590-2006",т
"Сортовой прокат","СТАЛЬ КОНСТРУКЦИОННАЯ НИКЕЛ КРУГ",20Х2Н4А,"СТАЛЬ КОНСТРУКЦИОННАЯ НИКЕЛ КРУГ 100 20Х2Н4А","СТАЛЬ КОНСТРУКЦИОННАЯ НИКЕЛ КРУГ марки 20Х2Н4А, размер 100",100,203940,т,1,0,0,https://www.kavstal.ru/public/assets/images/products/СОРТОВОИ_ПРОКАТ/СТАЛЬ_КОНСТРУКЦИОННАЯ_НИКЕЛ_КРУГ/img.webp,"листовой прокат;сталь конструкционная никел круг;20х2н4а;100",20Х2Н4А,100,"ГОСТ 2590-2006",т
"Сортовой прокат","СТАЛЬ КОНСТРУКЦИОННАЯ НИКЕЛ КРУГ",20Х2Н4А,"СТАЛЬ КОНСТРУКЦИОННАЯ НИКЕЛ КРУГ 120 20Х2Н4А","СТАЛЬ КОНСТРУКЦИОННАЯ НИКЕЛ КРУГ марки 20Х2Н4А, размер 120 ; 180",120,179990,т,1,0,0,https://www.kavstal.ru/public/assets/images/products/СОРТОВОИ_ПРОКАТ/СТАЛЬ_КОНСТРУКЦИОННАЯ_НИКЕЛ_КРУГ/img.webp,"листовой прокат;сталь конструкционная никел круг;20х2н4а;120;180",20Х2Н4А,"120 ; 180","ГОСТ 2590-2006",т
"Сортовой прокат","СТАЛЬ КОНСТРУКЦИОННАЯ НИКЕЛ КРУГ",40ХН,"СТАЛЬ КОНСТРУКЦИОННАЯ НИКЕЛ КРУГ 10 40ХН","СТАЛЬ КОНСТРУКЦИОННАЯ НИКЕЛ КРУГ марки 40ХН, размер 10",10,49990,т,1,0,0,https://www.kavstal.ru/public/assets/images/products/СОРТОВОИ_ПРОКАТ/СТАЛЬ_КОНСТРУКЦИОННАЯ_НИКЕЛ_КРУГ/img.webp,"листовой прокат;сталь конструкционная никел круг;40хн;10",40ХН,10,"ГОСТ 2590-2006",т
"Сортовой прокат","СТАЛЬ КОНСТРУКЦИОННАЯ НИКЕЛ КРУГ",40ХН,"СТАЛЬ КОНСТРУКЦИОННАЯ НИКЕЛ КРУГ 20 40ХН","СТАЛЬ КОНСТРУКЦИОННАЯ НИКЕЛ КРУГ марки 40ХН, размер 20 ; 25; 30; 32",20,109990,т,1,0,0,https://www.kavstal.ru/public/assets/images/products/СОРТОВОИ_ПРОКАТ/СТАЛЬ_КОНСТРУКЦИОННАЯ_НИКЕЛ_КРУГ/img.webp,"листовой прокат;сталь конструкционная никел круг;40хн;20;25;30;32",40ХН,"20 ; 25; 30; 32","ГОСТ 2590-2006",т
"Сортовой прокат","СТАЛЬ КОНСТРУКЦИОННАЯ НИКЕЛ КРУГ",40ХН,"СТАЛЬ КОНСТРУКЦИОННАЯ НИКЕЛ КРУГ 36 40ХН","СТАЛЬ КОНСТРУКЦИОННАЯ НИКЕЛ КРУГ марки 40ХН, размер 36 ; 40; 45",36,106990,т,1,0,0,https://www.kavstal.ru/public/assets/images/products/СОРТОВОИ_ПРОКАТ/СТАЛЬ_КОНСТРУКЦИОННАЯ_НИКЕЛ_КРУГ/img.webp,"листовой прокат;сталь конструкционная никел круг;40хн;36;40;45",40ХН,"36 ; 40; 45","ГОСТ 2590-2006",т
"Сортовой прокат","СТАЛЬ КОНСТРУКЦИОННАЯ НИКЕЛ КРУГ",40ХН,"СТАЛЬ КОНСТРУКЦИОННАЯ НИКЕЛ КРУГ 60 40ХН","СТАЛЬ КОНСТРУКЦИОННАЯ НИКЕЛ КРУГ марки 40ХН, размер 60",60,102990,т,1,0,0,https://www.kavstal.ru/public/assets/images/products/СОРТОВОИ_ПРОКАТ/СТАЛЬ_КОНСТРУКЦИОННАЯ_НИКЕЛ_КРУГ/img.webp,"листовой прокат;сталь конструкционная никел круг;40хн;60",40ХН,60,"ГОСТ 2590-2006",т
"Сортовой прокат","СТАЛЬ КОНСТРУКЦИОННАЯ НИКЕЛ КРУГ",40ХН,"СТАЛЬ КОНСТРУКЦИОННАЯ НИКЕЛ КРУГ 65 40ХН","СТАЛЬ КОНСТРУКЦИОННАЯ НИКЕЛ КРУГ марки 40ХН, размер 65",65,99990,т,1,0,0,https://www.kavstal.ru/public/assets/images/products/СОРТОВОИ_ПРОКАТ/СТАЛЬ_КОНСТРУКЦИОННАЯ_НИКЕЛ_КРУГ/img.webp,"листовой прокат;сталь конструкционная никел круг;40хн;65",40ХН,65,"ГОСТ 2590-2006",т
"Сортовой прокат","СТАЛЬ КОНСТРУКЦИОННАЯ НИКЕЛ КРУГ",40ХН,"СТАЛЬ КОНСТРУКЦИОННАЯ НИКЕЛ КРУГ 70 40ХН","СТАЛЬ КОНСТРУКЦИОННАЯ НИКЕЛ КРУГ марки 40ХН, размер 70 ; 80; 90; 100",70,96990,т,1,0,0,https://www.kavstal.ru/public/assets/images/products/СОРТОВОИ_ПРОКАТ/СТАЛЬ_КОНСТРУКЦИОННАЯ_НИКЕЛ_КРУГ/img.webp,"листовой прокат;сталь конструкционная никел круг;40хн;70;80;90;100",40ХН,"70 ; 80; 90; 100","ГОСТ 2590-2006",т
"Сортовой прокат","СТАЛЬ КОНСТРУКЦИОННАЯ НИКЕЛ КРУГ",40ХН,"СТАЛЬ КОНСТРУКЦИОННАЯ НИКЕЛ КРУГ 110 40ХН","СТАЛЬ КОНСТРУКЦИОННАЯ НИКЕЛ КРУГ марки 40ХН, размер 110 ; 120; 130; 150; 160; 170; 180",110,99990,т,1,0,0,https://www.kavstal.ru/public/assets/images/products/СОРТОВОИ_ПРОКАТ/СТАЛЬ_КОНСТРУКЦИОННАЯ_НИКЕЛ_КРУГ/img.webp,"листовой прокат;сталь конструкционная никел круг;40хн;110;120;130;150;160;170;180",40ХН,"110 ; 120; 130; 150; 160; 170; 180","ГОСТ 2590-2006",т
"Сортовой прокат","СТАЛЬ КОНСТРУКЦИОННАЯ НИКЕЛ КРУГ",40ХН,"СТАЛЬ КОНСТРУКЦИОННАЯ НИКЕЛ КРУГ 190 40ХН","СТАЛЬ КОНСТРУКЦИОННАЯ НИКЕЛ КРУГ марки 40ХН, размер 190 ; 200",190,116990,т,1,0,0,https://www.kavstal.ru/public/assets/images/products/СОРТОВОИ_ПРОКАТ/СТАЛЬ_КОНСТРУКЦИОННАЯ_НИКЕЛ_КРУГ/img.webp,"листовой прокат;сталь конструкционная никел круг;40хн;190;200",40ХН,"190 ; 200","ГОСТ 2590-2006",т
"Сортовой прокат","СТАЛЬ КОНСТРУКЦИОННАЯ НИКЕЛ КРУГ",40ХН,"СТАЛЬ КОНСТРУКЦИОННАЯ НИКЕЛ КРУГ 210 40ХН","СТАЛЬ КОНСТРУКЦИОННАЯ НИКЕЛ КРУГ марки 40ХН, размер 210 ; 220",210,119990,т,1,0,0,https://www.kavstal.ru/public/assets/images/products/СОРТОВОИ_ПРОКАТ/СТАЛЬ_КОНСТРУКЦИОННАЯ_НИКЕЛ_КРУГ/img.webp,"листовой прокат;сталь конструкционная никел круг;40хн;210;220",40ХН,"210 ; 220","ГОСТ 2590-2006",т
"Сортовой прокат","СТАЛЬ КОНСТРУКЦИОННАЯ НИКЕЛ КРУГ",40ХН,"СТАЛЬ КОНСТРУКЦИОННАЯ НИКЕЛ КРУГ 230 40ХН","СТАЛЬ КОНСТРУКЦИОННАЯ НИКЕЛ КРУГ марки 40ХН, размер 230",230,125990,т,1,0,0,https://www.kavstal.ru/public/assets/images/products/СОРТОВОИ_ПРОКАТ/СТАЛЬ_КОНСТРУКЦИОННАЯ_НИКЕЛ_КРУГ/img.webp,"листовой прокат;сталь конструкционная никел круг;40хн;230",40ХН,230,"ГОСТ 2590-2006",т
"Сортовой прокат","СТАЛЬ КОНСТРУКЦИОННАЯ НИКЕЛ КРУГ",40ХН,"СТАЛЬ КОНСТРУКЦИОННАЯ НИКЕЛ КРУГ 260 40ХН","СТАЛЬ КОНСТРУКЦИОННАЯ НИКЕЛ КРУГ марки 40ХН, размер 260",260,139990,т,1,0,0,https://www.kavstal.ru/public/assets/images/products/СОРТОВОИ_ПРОКАТ/СТАЛЬ_КОНСТРУКЦИОННАЯ_НИКЕЛ_КРУГ/img.webp,"листовой прокат;сталь конструкционная никел круг;40хн;260",40ХН,260,"ГОСТ 2590-2006",т
"Сортовой прокат","СТАЛЬ КОНСТРУКЦИОННАЯ НИКЕЛ КРУГ",40ХН,"СТАЛЬ КОНСТРУКЦИОННАЯ НИКЕЛ КРУГ 280 40ХН","СТАЛЬ КОНСТРУКЦИОННАЯ НИКЕЛ КРУГ марки 40ХН, размер 280",280,144990,т,1,0,0,https://www.kavstal.ru/public/assets/images/products/СОРТОВОИ_ПРОКАТ/СТАЛЬ_КОНСТРУКЦИОННАЯ_НИКЕЛ_КРУГ/img.webp,"листовой прокат;сталь конструкционная никел круг;40хн;280",40ХН,280,"ГОСТ 2590-2006",т
"Сортовой прокат","СТАЛЬ КОНСТРУКЦИОННАЯ НИКЕЛ КРУГ",40ХН2МА,"СТАЛЬ КОНСТРУКЦИОННАЯ НИКЕЛ КРУГ 60 40ХН2МА","СТАЛЬ КОНСТРУКЦИОННАЯ НИКЕЛ КРУГ марки 40ХН2МА, размер 60 ; 70; 80; 90; 100; 110; 120; 150; 160; 180; 200",60,129990,т,1,0,0,https://www.kavstal.ru/public/assets/images/products/СОРТОВОИ_ПРОКАТ/СТАЛЬ_КОНСТРУКЦИОННАЯ_НИКЕЛ_КРУГ/img.webp,"листовой прокат;сталь конструкционная никел круг;40хн2ма;60;70;80;90;100;110;120;150;160;180;200",40ХН2МА,"60 ; 70; 80; 90; 100; 110; 120; 150; 160; 180; 200","ГОСТ 2590-2006",т
"Сортовой прокат","СТАЛЬ КОНСТРУКЦИОННАЯ НИКЕЛ КРУГ",40ХН2МА,"СТАЛЬ КОНСТРУКЦИОННАЯ НИКЕЛ КРУГ 240 40ХН2МА","СТАЛЬ КОНСТРУКЦИОННАЯ НИКЕЛ КРУГ марки 40ХН2МА, размер 240 ; 250",240,149990,т,1,0,0,https://www.kavstal.ru/public/assets/images/products/СОРТОВОИ_ПРОКАТ/СТАЛЬ_КОНСТРУКЦИОННАЯ_НИКЕЛ_КРУГ/img.webp,"листовой прокат;сталь конструкционная никел круг;40хн2ма;240;250",40ХН2МА,"240 ; 250","ГОСТ 2590-2006",т
"Сортовой прокат","СТАЛЬ КОНСТРУКЦИОННАЯ НИКЕЛ КРУГ",40ХН2МА,"СТАЛЬ КОНСТРУКЦИОННАЯ НИКЕЛ КРУГ 260 40ХН2МА","СТАЛЬ КОНСТРУКЦИОННАЯ НИКЕЛ КРУГ марки 40ХН2МА, размер 260 ; 280",260,159990,т,1,0,0,https://www.kavstal.ru/public/assets/images/products/СОРТОВОИ_ПРОКАТ/СТАЛЬ_КОНСТРУКЦИОННАЯ_НИКЕЛ_КРУГ/img.webp,"листовой прокат;сталь конструкционная никел круг;40хн2ма;260;280",40ХН2МА,"260 ; 280","ГОСТ 2590-2006",т
"Сортовой прокат","СТАЛЬ КОНСТРУКЦИОННАЯ НИКЕЛ КВАДРАТ",40ХНВ,"СТАЛЬ КОНСТРУКЦИОННАЯ НИКЕЛ КВАДРАТ 200 40ХНВ","СТАЛЬ КОНСТРУКЦИОННАЯ НИКЕЛ КВАДРАТ марки 40ХНВ, размер 200",200,115990,т,1,0,0,https://www.kavstal.ru/public/assets/images/products/СОРТОВОИ_ПРОКАТ/СТАЛЬ_КОНСТРУКЦИОННАЯ_НИКЕЛ_КВАДРАТ/img.webp,"листовой прокат;сталь конструкционная никел квадрат;40хнв;200",40ХНВ,200,"ГОСТ 2591-2006",т
"Сортовой прокат","СТАЛЬ СОРТ СПЕЦ СВ-МИ КРУГ","03ВИ б/с","СТАЛЬ СОРТ СПЕЦ СВ-МИ КРУГ 130 03ВИ б/с","СТАЛЬ СОРТ СПЕЦ СВ-МИ КРУГ марки 03ВИ б/с, размер 130",130,157500,т,1,0,0,https://www.kavstal.ru/public/assets/images/products/СОРТОВОИ_ПРОКАТ/СТАЛЬ_СОРТ_СПЕЦ_СВ_МИ_КРУГ/img.webp,"листовой прокат;сталь сорт спец св-ми круг;03ви б/с;130","03ВИ б/с",130,"ГОСТ 2590-2006",т
"Сортовой прокат","СТАЛЬ СОРТ ИНСТРУМ КРУГ","9Х1 б/с","СТАЛЬ СОРТ ИНСТРУМ КРУГ 40 9Х1 б/с","СТАЛЬ СОРТ ИНСТРУМ КРУГ марки 9Х1 б/с, размер 40",40,47990,т,1,0,0,https://www.kavstal.ru/public/assets/images/products/СОРТОВОИ_ПРОКАТ/СТАЛЬ_СОРТ_ИНСТРУМ_КРУГ/img.jpg,"листовой прокат;сталь сорт инструм круг;9х1 б/с;40","9Х1 б/с",40,"ГОСТ 2590-2006",т
"Сортовой прокат","СТАЛЬ СОРТ ИНСТРУМ КРУГ",9ХС,"СТАЛЬ СОРТ ИНСТРУМ КРУГ 16 9ХС","СТАЛЬ СОРТ ИНСТРУМ КРУГ марки 9ХС, размер 16 ; 18; 20; 26; 30",16,102990,т,1,0,0,https://www.kavstal.ru/public/assets/images/products/СОРТОВОИ_ПРОКАТ/СТАЛЬ_СОРТ_ИНСТРУМ_КРУГ/img.jpg,"листовой прокат;сталь сорт инструм круг;9хс;16;18;20;26;30",9ХС,"16 ; 18; 20; 26; 30","ГОСТ 2590-2006",т
"Сортовой прокат","СТАЛЬ СОРТ ИНСТРУМ КРУГ",9ХС,"СТАЛЬ СОРТ ИНСТРУМ КРУГ 40 9ХС","СТАЛЬ СОРТ ИНСТРУМ КРУГ марки 9ХС, размер 40 ; 45; 50; 60; 65; 70; 80; 90; 100; 110; 120; 130; 160; 170; 200; 210; 220",40,99990,т,1,0,0,https://www.kavstal.ru/public/assets/images/products/СОРТОВОИ_ПРОКАТ/СТАЛЬ_СОРТ_ИНСТРУМ_КРУГ/img.jpg,"листовой прокат;сталь сорт инструм круг;9хс;40;45;50;60;65;70;80;90;100;110;120;130;160;170;200;210;220",9ХС,"40 ; 45; 50; 60; 65; 70; 80; 90; 100; 110; 120; 130; 160; 170; 200; 210; 220","ГОСТ 2590-2006",т
"Сортовой прокат","СТАЛЬ СОРТ ИНСТРУМ КРУГ",У8А,"СТАЛЬ СОРТ ИНСТРУМ КРУГ 10 У8А","СТАЛЬ СОРТ ИНСТРУМ КРУГ марки У8А, размер 10",10,79990,т,1,0,0,https://www.kavstal.ru/public/assets/images/products/СОРТОВОИ_ПРОКАТ/СТАЛЬ_СОРТ_ИНСТРУМ_КРУГ/img.jpg,"листовой прокат;сталь сорт инструм круг;у8а;10",У8А,10,"ГОСТ 2590-2006",т
"Сортовой прокат","СТАЛЬ СОРТ ИНСТРУМ КРУГ",У8А,"СТАЛЬ СОРТ ИНСТРУМ КРУГ 12 У8А","СТАЛЬ СОРТ ИНСТРУМ КРУГ марки У8А, размер 12 ; 14",12,75990,т,1,0,0,https://www.kavstal.ru/public/assets/images/products/СОРТОВОИ_ПРОКАТ/СТАЛЬ_СОРТ_ИНСТРУМ_КРУГ/img.jpg,"листовой прокат;сталь сорт инструм круг;у8а;12;14",У8А,"12 ; 14","ГОСТ 2590-2006",т
"Сортовой прокат","СТАЛЬ СОРТ ИНСТРУМ КРУГ",У8А,"СТАЛЬ СОРТ ИНСТРУМ КРУГ 16 У8А","СТАЛЬ СОРТ ИНСТРУМ КРУГ марки У8А, размер 16 ; 18; 20; 22; 25; 28; 30; 32; 35; 36; 45; 50; 60; 65; 70",16,73990,т,1,0,0,https://www.kavstal.ru/public/assets/images/products/СОРТОВОИ_ПРОКАТ/СТАЛЬ_СОРТ_ИНСТРУМ_КРУГ/img.jpg,"листовой прокат;сталь сорт инструм круг;у8а;16;18;20;22;25;28;30;32;35;36;45;50;60;65;70",У8А,"16 ; 18; 20; 22; 25; 28; 30; 32; 35; 36; 45; 50; 60; 65; 70","ГОСТ 2590-2006",т
"Сортовой прокат","СТАЛЬ СОРТ ИНСТРУМ КРУГ",У8А,"СТАЛЬ СОРТ ИНСТРУМ КРУГ 80 У8А","СТАЛЬ СОРТ ИНСТРУМ КРУГ марки У8А, размер 80 ; 90; 100; 110; 120",80,74990,т,1,0,0,https://www.kavstal.ru/public/assets/images/products/СОРТОВОИ_ПРОКАТ/СТАЛЬ_СОРТ_ИНСТРУМ_КРУГ/img.jpg,"листовой прокат;сталь сорт инструм круг;у8а;80;90;100;110;120",У8А,"80 ; 90; 100; 110; 120","ГОСТ 2590-2006",т
"Сортовой прокат","СТАЛЬ СОРТ ИНСТРУМ КРУГ",У8А,"СТАЛЬ СОРТ ИНСТРУМ КРУГ 150 У8А","СТАЛЬ СОРТ ИНСТРУМ КРУГ марки У8А, размер 150 ; 160; 170",150,76990,т,1,0,0,https://www.kavstal.ru/public/assets/images/products/СОРТОВОИ_ПРОКАТ/СТАЛЬ_СОРТ_ИНСТРУМ_КРУГ/img.jpg,"листовой прокат;сталь сорт инструм круг;у8а;150;160;170",У8А,"150 ; 160; 170","ГОСТ 2590-2006",т
"Сортовой прокат","СТАЛЬ СОРТ ИНСТРУМ КРУГ",ЭК-80Ш,"СТАЛЬ СОРТ ИНСТРУМ КРУГ 50 ЭК-80Ш","СТАЛЬ СОРТ ИНСТРУМ КРУГ марки ЭК-80Ш, размер 50 ; 55",50,99990,т,1,0,0,https://www.kavstal.ru/public/assets/images/products/СОРТОВОИ_ПРОКАТ/СТАЛЬ_СОРТ_ИНСТРУМ_КРУГ/img.jpg,"листовой прокат;сталь сорт инструм круг;эк-80ш;50;55",ЭК-80Ш,"50 ; 55","ГОСТ 2590-2006",т
"Сортовой прокат",ПОКОВКА,"40Х прессовая с отжигом Иран","ПОКОВКА 360 40Х прессовая с отжигом Иран","ПОКОВКА марки 40Х прессовая с отжигом Иран, размер 360",360,156000,т,1,0,0,https://www.kavstal.ru/public/assets/images/products/СОРТОВОИ_ПРОКАТ/ПОКОВКА/img.jpg,"листовой прокат;поковка;40х прессовая с отжигом иран;360","40Х прессовая с отжигом Иран",360,,т
"Сортовой прокат",ПОКОВКА,"Ст20 прессовая с отжигом Иран","ПОКОВКА 370 Ст20 прессовая с отжигом Иран","ПОКОВКА марки Ст20 прессовая с отжигом Иран, размер 370",370,152000,т,1,0,0,https://www.kavstal.ru/public/assets/images/products/СОРТОВОИ_ПРОКАТ/ПОКОВКА/img.jpg,"листовой прокат;поковка;ст20 прессовая с отжигом иран;370","Ст20 прессовая с отжигом Иран",370,,т
"Сортовой прокат",ПОКОВКА,"Ст45 прессовая с отжигом Иран","ПОКОВКА 360 Ст45 прессовая с отжигом Иран","ПОКОВКА марки Ст45 прессовая с отжигом Иран, размер 360 ; 510",360,152000,т,1,0,0,https://www.kavstal.ru/public/assets/images/products/СОРТОВОИ_ПРОКАТ/ПОКОВКА/img.jpg,"листовой прокат;поковка;ст45 прессовая с отжигом иран;360;510","Ст45 прессовая с отжигом Иран","360 ; 510",,т
